Timestamp,Scheme Name,Question,Answer
2026-09-09 00:25:47,ArtCulture Scheme,what are all art culture scheme avaliable?,"**Core Answer**: The available art culture schemes implemented by the Tamil Nadu Eyal Isai Nataka Manram include:

1. **Cultural Exchange**: Exchange of cultural troupes between states.
2. **Kalaimamani Awards**: State level awards conferred to artistes for their contributions to the field of arts.
3. **All India Level Awards**:
   - **Bharathi Award** for Literature
   - **M.S. Subbulakshmi Award** for Music
   - **Balasaraswathi Award** for Dance
4. **Financial Assistance**: Sanctioning financial support for professional drama troupes and dance drama troupes.
5. **Cultural Festivals**: Conducting various cultural festivals and promoting traditional Tamil arts in foreign countries.

**Applicant Obligations & Eligibility**: The document does not specify explicit obligations or eligibility criteria for these schemes. However, it is implied that artists and troupes involved in various art forms may be eligible for these awards and assistance. For detailed requirements, it would be advisable to consult the relevant authorities or official guidelines."
2026-09-09 00:26:22,ArtCulture Scheme,who is the representative of artculture?,"**Core Answer**: The document does not specify a particular individual as the representative of the Art and Culture Department. 

**Applicant Obligations & Eligibility**: For inquiries or representation matters, it is recommended to contact the Department of Art and Culture directly or visit their official website for more information on their representatives and contact details."
2026-09-09 00:48:07,Natural Resources Scheme,what budget allocated for natural resource,"**Core Answer**: The budget allocated for natural resources in the financial year 2026-2027 is Rs. 145 Crore, which is expected to be achieved through the sales of Dunite and processed Magnesite.

**Applicant Obligations & Eligibility**: The document does not specify any obligations or eligibility criteria related to this budget allocation."
2026-09-09 00:48:28,Natural Resources Scheme,who is the head?,"**Core Answer**: The head of the Department of Geology and Mining is the Director of Geology and Mining.

**Applicant Obligations & Eligibility**: The document does not mention any specific obligations or eligibility criteria related to the position of the head of the department."
2026-09-09 00:54:42,Diary Development Scheme,how much budget allocated for dairy department?,The budget estimates for the dairy department for 2026-27 is Rs. 1350.31 crore.
2026-09-09 00:55:09,Diary Development Scheme,who allocated this much amount?,The budget allocation for the dairy department was made by the Government of Tamil Nadu.
2026-09-09 00:55:58,Diary Development Scheme,How can a citizen report poor-quality or adulterated milk?,"The context does not provide specific information on how a citizen can report poor-quality or adulterated milk. Therefore, I cannot determine the answer from the provided context."
2026-09-09 00:56:20,Diary Development Scheme,What action is taken if adulterated milk is found?,"The context does not specify the actions taken if adulterated milk is found. Therefore, I cannot determine the answer from the provided context."
2026-09-09 00:56:33,Diary Development Scheme,What tests are performed on milk before it reaches consumers?,"Milk is tested at every stage of the value chain, including procurement at MPCS, BMCs, and Chilling Centres, as well as processing at District Union dairies and Metro Dairies. The quality testing is carried out in accordance with the standards prescribed by the Food Safety and Standards Authority of India (FSSAI), Bureau of Indian Standards (BIS), AGMARK, and the Export Inspection Council of India (EIC)."
